customer_id,first_name,last_name,email,city,signup_date,customer_segment
C0001,Kevin,Bautista,kevin.bautista@example.com,Pasig,27/04/2025,Professional
C0002,Paolo,Mendoza,paolo.mendoza@example.com,Makati,04/08/2025,Retail
C0003,Julia,Ramos,julia.ramos@example.com,Taguig,15/01/2026,SME
C0004,Marco,Reyes,marco.reyes@example.com,Makati,21/02/2026,Student
C0005,Paolo,Villanueva,paolo.villanueva@example.com,Quezon City,15/12/2025,Professional
C0006,Paolo,Villanueva,paolo.villanueva@example.com,Makati,07/01/2025,Retail
C0007,Diego,Mendoza,diego.mendoza@example.com,Caloocan,16/04/2025,Professional
C0008,Tomas,Lim,tomas.lim@example.com,Parañaque,03/10/2025,Retail
C0009,Oscar,Torres,oscar.torres@example.com,Pasig,18/01/2025,Professional
C0010,Oscar,Flores,oscar.flores@example.com,Marikina,18/04/2026,Professional
C0011,Diego,Santos,diego.santos@example.com,Taguig,08/05/2026,Retail
C0012,Queenie,Castillo,queenie.castillo@example.com,Makati,07/02/2025,Retail
C0013,Ramon,Aquino,,Caloocan,29/11/2025,Student
C0014,Ivan,Del Rosario,ivan.delrosario@example.com,Pasay,03/02/2025,Retail
C0015,Lara,Villanueva,lara.villanueva@example.com,Makati,27/02/2026,SME
C0016,Ella,Santos,ella.santos@example.com,Quezon City,02/04/2025,Professional
C0017,Julia,Mercado,julia.mercado@example.com,Pasay,26/07/2025,Professional
C0018,Ella,Pascual,ella.pascual@example.com,Pasig,05/06/2025,Retail
C0019,Carla,Fernandez,carla.fernandez@example.com,Manila,05/09/2025,SME
C0020,Kevin,Castillo,kevin.castillo@example.com,Quezon City,07/12/2025,SME
C0021,Ana,Villanueva,ana.villanueva@example.com,Pasay,03/04/2025,Retail
C0022,Sofia,Bautista,sofia.bautista@example.com,Taguig,23/12/2025,Retail
C0023,Hannah,Del Rosario,hannah.delrosario@example.com,Parañaque,02/09/2025,Student
C0024,Ella,Aquino,ella.aquino@example.com,Caloocan,02/08/2025,Student
C0025,Lara,Villanueva,lara.villanueva@example.com,Pasig,01/07/2025,Retail
C0026,Francis,Santos,francis.santos@example.com,Caloocan,07/12/2025,Retail
C0027,Ivan,Pascual,ivan.pascual@example.com,Manila,02/09/2025,Retail
C0028,Oscar,Santos,oscar.santos@example.com,Pasig,19/02/2026,Student
C0029,Marco,Garcia,marco.garcia@example.com,Makati,15/09/2025,Professional
C0030,Francis,Castillo,francis.castillo@example.com,Makati,24/12/2025,SME
C0031,Julia,Torres,julia.torres@example.com,Quezon City,15/04/2026,Retail
C0032,Francis,Del Rosario,francis.delrosario@example.com,Parañaque,21/06/2025,Retail
C0033,Paolo,Del Rosario,paolo.delrosario@example.com,Quezon City,21/12/2025,Retail
C0034,Marco,Aquino,marco.aquino@example.com,Caloocan,11/02/2025,SME
C0035,Queenie,Ramos,queenie.ramos@example.com,Quezon City,16/02/2025,SME
C0036,Kevin,Fernandez,kevin.fernandez@example.com,Pasay,01/03/2025,Student
C0037,Grace,Lim,grace.lim@example.com,Marikina,16/06/2025,Student
C0038,Ana,Del Rosario,ana.delrosario@example.com,Pasig,16/11/2025,SME
C0039,Ella,Reyes,ella.reyes@example.com,Makati,05/09/2025,SME
C0040,Ramon,Diaz,ramon.diaz@example.com,Pasig,03/05/2025,Retail
C0041,Lara,Aquino,lara.aquino@example.com,Manila,23/04/2026,Retail
C0042,Ivan,Flores,ivan.flores@example.com,Pasig,03/03/2025,Student
C0043,Nina,Ramos,nina.ramos@example.com,Parañaque,04/01/2026,Student
C0044,Oscar,Flores,oscar.flores@example.com,Taguig,27/07/2025,SME
C0045,Ana,Navarro,ana.navarro@example.com,Marikina,20/04/2025,Retail
C0046,Julia,Castillo,julia.castillo@example.com,Marikina,23/08/2025,Professional
C0047,Nina,Del Rosario,nina.delrosario@example.com,Marikina,02/02/2026,SME
C0048,Kevin,Santos,,Manila,16/12/2025,Student
C0049,Oscar,Ramos,oscar.ramos@example.com,Manila,15/04/2026,SME
C0050,Kevin,Lim,kevin.lim@example.com,Mandaluyong,11/12/2025,Student
C0051,Marco,Mercado,marco.mercado@example.com,Caloocan,15/12/2025,SME
C0052,Julia,Villanueva,julia.villanueva@example.com,Caloocan,04/10/2025,Retail
C0053,Ramon,Diaz,ramon.diaz@example.com,Parañaque,15/10/2025,Retail
C0054,Julia,Torres,julia.torres@example.com,Quezon City,03/02/2025,Retail
C0055,Ben,Cruz,ben.cruz@example.com,Pasay,30/04/2025,SME
C0056,Carla,Villanueva,carla.villanueva@example.com,Mandaluyong,01/10/2025,Retail
C0057,Julia,Mendoza,julia.mendoza@example.com,Makati,07/07/2025,Professional
C0058,Tomas,Fernandez,tomas.fernandez@example.com,Pasay,06/10/2025,Professional
C0059,Nina,Ramos,nina.ramos@example.com,Caloocan,14/03/2026,SME
C0060,Ella,Fernandez,ella.fernandez@example.com,Pasig,09/01/2025,Student
C0061,Paolo,Tan,paolo.tan@example.com,Manila,27/03/2025,Professional
C0062,Marco,Villanueva,marco.villanueva@example.com,Manila,23/06/2025,SME
C0063,Ben,Villanueva,ben.villanueva@example.com,Manila,18/06/2025,Retail
C0064,Francis,Ramos,francis.ramos@example.com,Pasay,23/12/2025,Professional
C0065,Ella,Torres,ella.torres@example.com,Parañaque,28/10/2025,SME
C0066,Ivan,Torres,ivan.torres@example.com,Manila,30/12/2025,Professional
C0067,Oscar,Lim,oscar.lim@example.com,Parañaque,22/02/2025,SME
C0068,Julia,Mercado,julia.mercado@example.com,Parañaque,29/07/2025,SME
C0069,Julia,Garcia,julia.garcia@example.com,Taguig,27/03/2025,Student
C0070,Oscar,Del Rosario,oscar.delrosario@example.com,Quezon City,04/04/2026,Retail
C0071,Ana,Torres,ana.torres@example.com,Manila,12/03/2026,SME
C0072,Kevin,Aquino,kevin.aquino@example.com,Makati,03/05/2025,Professional
C0073,Carla,Aquino,carla.aquino@example.com,Caloocan,02/12/2025,Retail
C0074,Julia,Bautista,julia.bautista@example.com,Taguig,15/07/2025,Student
C0075,Lara,Pascual,lara.pascual@example.com,Pasig,22/07/2025,Student
C0076,Oscar,Flores,oscar.flores@example.com,Pasay,26/02/2025,SME
C0077,Hannah,Santos,hannah.santos@example.com,Pasig,12/05/2025,Student
C0078,Oscar,Fernandez,oscar.fernandez@example.com,Makati,02/05/2026,SME
C0079,Tomas,Pascual,tomas.pascual@example.com,,30/03/2026,SME
C0080,Ben,Fernandez,ben.fernandez@example.com,Manila,07/05/2026,Professional
C0081,Tomas,Castillo,tomas.castillo@example.com,Marikina,18/04/2025,Student
C0082,Ramon,Ramos,ramon.ramos@example.com,Mandaluyong,29/03/2025,SME
C0083,Sofia,Ramos,sofia.ramos@example.com,Parañaque,11/10/2025,SME
C0084,Queenie,Fernandez,queenie.fernandez@example.com,Mandaluyong,23/10/2025,Professional
C0085,Queenie,Pascual,queenie.pascual@example.com,Marikina,08/04/2026,Professional
C0086,Ramon,Tan,ramon.tan@example.com,Pasay,24/01/2026,SME
C0087,Hannah,Castillo,hannah.castillo@example.com,Parañaque,03/06/2025,SME
C0088,Oscar,Navarro,oscar.navarro@example.com,Makati,26/05/2025,SME
C0089,Diego,Cruz,diego.cruz@example.com,Pasay,04/02/2026,Professional
C0090,Paolo,Aquino,paolo.aquino@example.com,Marikina,30/07/2025,SME
C0091,Grace,Del Rosario,grace.delrosario@example.com,Quezon City,12/07/2025,Professional
C0092,Nina,Mendoza,nina.mendoza@example.com,Marikina,20/09/2025,SME
C0093,Ana,Pascual,ana.pascual@example.com,Caloocan,21/09/2025,Student
C0094,Ella,Castillo,ella.castillo@example.com,Quezon City,31/05/2025,Retail
C0095,Nina,Navarro,nina.navarro@example.com,Quezon City,17/08/2025,Retail
C0096,Tomas,Navarro,tomas.navarro@example.com,Makati,22/05/2025,Professional
C0097,Ella,Diaz,ella.diaz@example.com,Pasig,18/03/2026,Student
C0098,Carla,Mercado,carla.mercado@example.com,Marikina,07/03/2026,Professional
C0099,Ivan,Cruz,ivan.cruz@example.com,Manila,08/02/2025,Retail
C0100,Paolo,Aquino,paolo.aquino@example.com,Pasay,21/06/2025,Retail
C0101,Ana,Flores,ana.flores@example.com,Manila,23/04/2025,SME
C0102,Hannah,Bautista,hannah.bautista@example.com,Mandaluyong,25/05/2025,Retail
C0103,Ivan,Garcia,ivan.garcia@example.com,Marikina,11/08/2025,Retail
C0104,Lara,Flores,lara.flores@example.com,Pasig,31/03/2025,Retail
C0105,Julia,Navarro,julia.navarro@example.com,Pasay,10/07/2025,SME
C0106,Carla,Navarro,carla.navarro@example.com,Pasig,26/07/2025,Professional
C0107,Kevin,Navarro,kevin.navarro@example.com,Quezon City,28/09/2025,Professional
C0108,Julia,Navarro,julia.navarro@example.com,Quezon City,09/09/2025,Student
C0109,Diego,Mendoza,diego.mendoza@example.com,Marikina,01/02/2026,Professional
C0110,Nina,Cruz,nina.cruz@example.com,Caloocan,11/04/2026,SME
C0111,Ramon,Castillo,ramon.castillo@example.com,Makati,10/03/2025,Professional
C0112,Diego,Lim,diego.lim@example.com,Caloocan,27/03/2025,Student
C0113,Ella,Garcia,ella.garcia@example.com,Caloocan,16/08/2025,Retail
C0114,Julia,Cruz,julia.cruz@example.com,Manila,15/06/2025,SME
C0115,Ben,Garcia,ben.garcia@example.com,Pasay,24/08/2025,SME
C0116,Nina,Navarro,nina.navarro@example.com,Manila,24/10/2025,Professional
C0117,Ana,Reyes,ana.reyes@example.com,Marikina,31/10/2025,Professional
C0118,Kevin,Bautista,kevin.bautista@example.com,Quezon City,15/10/2025,Student
C0119,Ramon,Torres,ramon.torres@example.com,Quezon City,16/11/2025,Retail
C0120,Oscar,Diaz,oscar.diaz@example.com,Quezon City,11/12/2025,Professional
C0121,Francis,Del Rosario,francis.delrosario@example.com,Manila,18/10/2025,SME
C0122,Tomas,Navarro,tomas.navarro@example.com,Marikina,29/05/2025,Professional
C0123,Ella,Torres,ella.torres@example.com,Marikina,01/03/2026,Retail
C0124,Kevin,Lim,kevin.lim@example.com,Caloocan,23/04/2025,Student
C0125,Marco,Aquino,marco.aquino@example.com,Parañaque,01/09/2025,SME
C0126,Ella,Aquino,ella.aquino@example.com,Marikina,21/02/2026,SME
C0127,Marco,Castillo,marco.castillo@example.com,Taguig,27/04/2025,Professional
C0128,Marco,Reyes,marco.reyes@example.com,Parañaque,24/08/2025,SME
C0129,Lara,Reyes,lara.reyes@example.com,Makati,24/07/2025,Retail
C0130,Paolo,Torres,paolo.torres@example.com,Pasig,21/07/2025,SME
C0131,Queenie,Tan,queenie.tan@example.com,Mandaluyong,08/03/2025,Professional
C0132,Diego,Ramos,,Makati,26/02/2025,Student
C0133,Sofia,Cruz,sofia.cruz@example.com,Parañaque,31/12/2025,SME
C0134,Sofia,Lim,sofia.lim@example.com,Mandaluyong,09/12/2025,Retail
C0135,Tomas,Torres,tomas.torres@example.com,Manila,14/03/2025,Retail
C0136,Oscar,Villanueva,oscar.villanueva@example.com,Marikina,01/04/2025,SME
C0137,Nina,Navarro,nina.navarro@example.com,Marikina,13/11/2025,SME
C0138,Francis,Castillo,francis.castillo@example.com,Manila,31/08/2025,Retail
C0139,Paolo,Navarro,paolo.navarro@example.com,Taguig,14/02/2025,Student
C0140,Carla,Mercado,carla.mercado@example.com,Caloocan,29/12/2025,SME
C0141,Ivan,Flores,ivan.flores@example.com,Manila,08/01/2026,Student
C0142,Ana,Villanueva,ana.villanueva@example.com,Pasig,21/01/2026,Professional
C0143,Ana,Cruz,ana.cruz@example.com,Mandaluyong,06/02/2026,Retail
C0144,Tomas,Diaz,tomas.diaz@example.com,Marikina,16/09/2025,SME
C0145,Julia,Tan,julia.tan@example.com,Manila,02/02/2025,Professional
C0146,Grace,Bautista,grace.bautista@example.com,Pasig,23/06/2025,Retail
C0147,Ramon,Mendoza,ramon.mendoza@example.com,Manila,28/09/2025,Professional
C0148,Ben,Del Rosario,ben.delrosario@example.com,Marikina,27/07/2025,Retail
C0149,Oscar,Reyes,oscar.reyes@example.com,Marikina,23/06/2025,Student
C0150,Ivan,Lim,ivan.lim@example.com,Makati,11/02/2025,Retail
C0151,Carla,Villanueva,carla.villanueva@example.com,Mandaluyong,19/07/2025,Retail
C0152,Julia,Navarro,julia.navarro@example.com,Pasig,23/01/2026,SME
C0153,Kevin,Bautista,kevin.bautista@example.com,Makati,01/09/2025,Retail
C0154,Ben,Flores,ben.flores@example.com,Mandaluyong,22/09/2025,SME
C0155,Tomas,Mendoza,tomas.mendoza@example.com,Quezon City,23/12/2025,Professional
C0156,Nina,Mercado,nina.mercado@example.com,Taguig,12/10/2025,SME
C0157,Grace,Santos,grace.santos@example.com,Quezon City,24/05/2025,Retail
C0158,Marco,Cruz,marco.cruz@example.com,Parañaque,17/03/2025,Professional
C0159,Julia,Bautista,julia.bautista@example.com,Quezon City,25/10/2025,Professional
C0160,Ivan,Fernandez,ivan.fernandez@example.com,Quezon City,15/01/2025,Professional
C0161,Nina,Lim,nina.lim@example.com,Mandaluyong,29/04/2026,SME
C0162,Carla,Flores,carla.flores@example.com,Manila,14/05/2026,Retail
C0163,Hannah,Del Rosario,hannah.delrosario@example.com,Parañaque,09/02/2025,Professional
C0164,Oscar,Pascual,oscar.pascual@example.com,Marikina,06/12/2025,Professional
C0165,Kevin,Flores,kevin.flores@example.com,Parañaque,22/05/2025,Student
C0166,Hannah,Mendoza,hannah.mendoza@example.com,Taguig,26/06/2025,Student
C0167,Kevin,Flores,kevin.flores@example.com,Taguig,06/05/2026,Student
C0168,Paolo,Mendoza,paolo.mendoza@example.com,Parañaque,27/03/2025,Retail
C0169,Hannah,Aquino,hannah.aquino@example.com,Pasay,10/01/2026,SME
C0170,Grace,Reyes,grace.reyes@example.com,Taguig,16/05/2026,SME
C0171,Paolo,Mercado,paolo.mercado@example.com,Pasig,26/11/2025,Student
C0172,Ivan,Mercado,ivan.mercado@example.com,Makati,18/10/2025,Student
C0173,Diego,Tan,diego.tan@example.com,Pasay,29/10/2025,Retail
C0174,Ben,Navarro,ben.navarro@example.com,Quezon City,20/03/2026,Retail
C0175,Queenie,Garcia,queenie.garcia@example.com,Makati,12/03/2026,SME
C0176,Paolo,Aquino,paolo.aquino@example.com,Parañaque,24/08/2025,Student
C0177,Diego,Villanueva,diego.villanueva@example.com,Marikina,12/01/2026,Student
C0178,Julia,Villanueva,julia.villanueva@example.com,Mandaluyong,23/10/2025,Retail
C0179,Francis,Ramos,francis.ramos@example.com,Parañaque,27/04/2025,Professional
C0180,Ella,Castillo,ella.castillo@example.com,Manila,05/04/2025,SME
C0181,Ramon,Tan,ramon.tan@example.com,Pasay,09/12/2025,Retail
C0182,Ana,Diaz,ana.diaz@example.com,Makati,11/04/2026,Retail
C0183,Lara,Reyes,lara.reyes@example.com,Parañaque,05/03/2025,Professional
C0184,Oscar,Del Rosario,oscar.delrosario@example.com,Makati,11/07/2025,Retail
C0185,Tomas,Flores,tomas.flores@example.com,Pasig,14/07/2025,Retail
C0186,Hannah,Reyes,hannah.reyes@example.com,Quezon City,17/04/2026,SME
C0187,Ivan,Aquino,ivan.aquino@example.com,Taguig,25/01/2026,Professional
C0188,Carla,Bautista,carla.bautista@example.com,Quezon City,08/01/2026,Retail
C0189,Hannah,Santos,hannah.santos@example.com,Marikina,08/02/2025,Student
C0190,Lara,Lim,lara.lim@example.com,Marikina,12/11/2025,SME
C0191,Grace,Santos,grace.santos@example.com,Manila,10/03/2026,Retail
C0192,Kevin,Cruz,kevin.cruz@example.com,Mandaluyong,02/05/2026,Professional
C0193,Grace,Del Rosario,grace.delrosario@example.com,Manila,22/01/2026,Student
C0194,Ana,Lim,ana.lim@example.com,Mandaluyong,11/02/2025,SME
C0195,Hannah,Fernandez,hannah.fernandez@example.com,Pasay,02/09/2025,Professional
C0196,Carla,Diaz,carla.diaz@example.com,Caloocan,15/11/2025,Professional
C0197,Queenie,Lim,queenie.lim@example.com,Parañaque,17/05/2025,Retail
C0198,Grace,Tan,grace.tan@example.com,Mandaluyong,01/07/2025,Student
C0199,Tomas,Garcia,tomas.garcia@example.com,Makati,24/03/2026,SME
C0200,Oscar,Santos,oscar.santos@example.com,Makati,27/01/2025,Student
C0201,Oscar,Bautista,oscar.bautista@example.com,Manila,07/04/2026,Professional
C0202,Oscar,Villanueva,oscar.villanueva@example.com,Quezon City,27/01/2026,SME
C0203,Francis,Santos,francis.santos@example.com,Mandaluyong,31/08/2025,SME
C0204,Marco,Ramos,marco.ramos@example.com,,16/04/2025,SME
C0205,Marco,Flores,marco.flores@example.com,Manila,31/10/2025,SME
C0206,Grace,Santos,grace.santos@example.com,Mandaluyong,17/06/2025,Retail
C0207,Tomas,Ramos,tomas.ramos@example.com,Mandaluyong,20/03/2025,SME
C0208,Nina,Pascual,nina.pascual@example.com,Pasig,07/05/2025,Professional
C0209,Ben,Flores,ben.flores@example.com,Manila,06/02/2025,Student
C0210,Marco,Castillo,marco.castillo@example.com,Caloocan,04/01/2025,Professional
C0211,Diego,Cruz,diego.cruz@example.com,Manila,21/04/2026,Retail
C0212,Nina,Del Rosario,nina.delrosario@example.com,Parañaque,18/04/2025,SME
C0213,Julia,Flores,julia.flores@example.com,Parañaque,10/02/2026,Student
C0214,Ben,Villanueva,ben.villanueva@example.com,Mandaluyong,22/03/2026,Student
C0215,Nina,Fernandez,nina.fernandez@example.com,Quezon City,16/10/2025,SME
C0216,Paolo,Santos,paolo.santos@example.com,Pasig,11/01/2025,Retail
C0217,Grace,Diaz,grace.diaz@example.com,Taguig,08/02/2026,Student
C0218,Oscar,Diaz,oscar.diaz@example.com,Pasay,13/04/2026,Retail
C0219,Hannah,Pascual,hannah.pascual@example.com,Pasay,29/03/2025,Student
C0220,Tomas,Mendoza,tomas.mendoza@example.com,Taguig,03/12/2025,SME
C0036,Kevin,Fernandez,kevin.fernandez@example.com,Pasay,01/03/2025,Student
C0090,Hannah,Reyes,hannah.reyes@example.com,Caloocan,22/04/2026,Retail
C0145,Julia,Tan,julia.tan@example.com,Manila,02/02/2025,Professional
C0224,Hannah,Cruz,hannah.cruz@example.com,Manila,21/08/2025,SME
C0225,Ben,Mendoza,ben.mendoza@example.com,Marikina,08/01/2026,SME
C0226,Kevin,Villanueva,kevin.villanueva@example.com,Taguig,24/01/2026,SME
C0227,Grace,Cruz,grace.cruz@example.com,Makati,05/12/2025,Retail
C0228,Oscar,Pascual,oscar.pascual@example.com,Taguig,24/08/2025,Professional
C0229,Lara,Santos,lara.santos@example.com,Marikina,03/02/2025,Retail
C0230,Lara,Tan,lara.tan@example.com,Manila,27/04/2026,SME
C0231,Oscar,Reyes,oscar.reyes@example.com,Makati,29/04/2026,Retail
C0232,Marco,Ramos,marco.ramos@example.com,Manila,14/05/2025,Student
C0233,Ramon,Mercado,ramon.mercado@example.com,Taguig,13/02/2026,Professional
C0234,Ella,Diaz,ella.diaz@example.com,Pasig,30/04/2026,Retail
C0235,Oscar,Mercado,oscar.mercado@example.com,Pasay,11/11/2025,Professional
C0236,Ramon,Del Rosario,ramon.delrosario@example.com,Manila,27/07/2025,SME
C0237,Francis,Pascual,francis.pascual@example.com,Mandaluyong,21/04/2026,Retail
C0238,Queenie,Cruz,queenie.cruz@example.com,Mandaluyong,06/05/2025,Student
C0239,Oscar,Diaz,oscar.diaz@example.com,Marikina,17/11/2025,Professional
C0240,Nina,Flores,nina.flores@example.com,Mandaluyong,14/03/2025,SME
C0241,Nina,Reyes,nina.reyes@example.com,Pasig,03/03/2026,Student
C0242,Ramon,Flores,ramon.flores@example.com,Taguig,21/06/2025,Student
C0243,Ben,Reyes,ben.reyes@example.com,Pasig,13/03/2025,Retail
C0244,Ivan,Fernandez,ivan.fernandez@example.com,Mandaluyong,16/08/2025,Student
C0245,Marco,Pascual,marco.pascual@example.com,Pasay,09/12/2025,SME
C0246,Nina,Lim,nina.lim@example.com,Mandaluyong,01/12/2025,Retail
C0247,Paolo,Lim,paolo.lim@example.com,Taguig,25/01/2025,Retail
C0248,Ben,Torres,ben.torres@example.com,Makati,24/12/2025,SME
C0249,Hannah,Navarro,hannah.navarro@example.com,Manila,03/08/2025,SME
C0250,Francis,Bautista,francis.bautista@example.com,Mandaluyong,18/08/2025,SME
